"","month_date","pet"
"1",2009-01-31,118.260055384615
"2",2009-02-28,99.2290076923077
"3",2009-03-31,94.4252815384615
"4",2009-04-30,77.0700476923077
"5",2009-05-31,39.5075507692308
"6",2009-06-30,25.7534507692308
"7",2009-07-31,27.0427938461538
"8",2009-08-31,23.0633953846154
"9",2009-09-30,34.4328261538462
"10",2009-10-31,60.1120307692308
"11",2009-11-30,88.47836
"12",2009-12-31,96.0555707692308
"13",2010-01-31,112.977441538462
"14",2010-02-28,104.134138461538
"15",2010-03-31,92.9423123076923
"16",2010-04-30,71.5383184615385
"17",2010-05-31,41.6685046153846
"18",2010-06-30,24.9353753846154
"19",2010-07-31,25.9990492307692
"20",2010-08-31,27.2700261538462
"21",2010-09-30,37.2782123076923
"22",2010-10-31,56.9227676923077
"23",2010-11-30,81.3669461538462
"24",2010-12-31,111.431363076923
"25",2011-01-31,114.121613846154
"26",2011-02-28,108.845447692308
"27",2011-03-31,107.409761538462
"28",2011-04-30,69.1927261538462
"29",2011-05-31,40.7052584615385
"30",2011-06-30,26.7497169230769
"31",2011-07-31,20.4710323076923
"32",2011-08-31,22.2164030769231
"33",2011-09-30,30.01518
"34",2011-10-31,52.3169661538461
"35",2011-11-30,80.7649661538461
"36",2011-12-31,106.214593846154
"37",2012-01-31,118.330003076923
"38",2012-02-29,100.083229230769
"39",2012-03-31,99.4415861538461
"40",2012-04-30,71.8136153846154
"41",2012-05-31,43.7470061538462
"42",2012-06-30,29.4819753846154
"43",2012-07-31,28.6762092307692
"44",2012-08-31,27.9655953846154
"45",2012-09-30,33.9881307692308
"46",2012-10-31,52.5176261538462
"47",2012-11-30,70.6971876923077
"48",2012-12-31,104.963546153846
"49",2013-01-31,113.945376923077
"50",2013-02-28,103.554627692308
"51",2013-03-31,97.1262784615385
"52",2013-04-30,76.3537676923077
"53",2013-05-31,42.2167538461538
"54",2013-06-30,29.7645015384615
"55",2013-07-31,28.3563646153846
"56",2013-08-31,23.7843646153846
"57",2013-09-30,32.6286446153846
"58",2013-10-31,46.9880461538462
"59",2013-11-30,76.3541584615385
"60",2013-12-31,106.10596
"61",2014-01-31,108.101032307692
"62",2014-02-28,106.467421538462
"63",2014-03-31,89.5709507692308
"64",2014-04-30,68.3678123076923
"65",2014-05-31,49.0673292307692
"66",2014-06-30,28.9302092307692
"67",2014-07-31,25.8917830769231
"68",2014-08-31,26.4242061538462
"69",2014-09-30,33.6348753846154
"70",2014-10-31,56.5792815384615
"71",2014-11-30,76.3905
"72",2014-12-31,103.151744615385
"73",2015-01-31,110.872172307692
"74",2015-02-28,109.676027692308
"75",2015-03-31,100.379627692308
"76",2015-04-30,60.1853
"77",2015-05-31,46.1529723076923
"78",2015-06-30,28.7643276923077
"79",2015-07-31,24.0153092307692
"80",2015-08-31,30.7676061538462
"81",2015-09-30,32.4291569230769
"82",2015-10-31,54.7033938461539
"83",2015-11-30,81.7311430769231
"84",2015-12-31,116.441610769231
"85",2016-01-31,128.253783076923
"86",2016-02-29,102.279547692308
"87",2016-03-31,101.704530769231
"88",2016-04-30,70.0236969230769
"89",2016-05-31,41.1241630769231
"90",2016-06-30,27.4851446153846
"91",2016-07-31,28.9489661538462
"92",2016-08-31,28.75788
"93",2016-09-30,36.2121938461538
"94",2016-10-31,51.5072923076923
"95",2016-11-30,61.3568261538461
"96",2016-12-31,95.7749984615385
"97",2017-01-31,118.135204615385
"98",2017-02-28,108.478906153846
"99",2017-03-31,96.2251646153846
"100",2017-04-30,66.0472292307692
"101",2017-05-31,40.6861107692308
"102",2017-06-30,28.2055276923077
"103",2017-07-31,24.26716
"104",2017-08-31,28.7174353846154
"105",2017-09-30,30.2029446153846
"106",2017-10-31,58.0640092307692
"107",2017-11-30,85.4092584615385
"108",2017-12-31,99.0437830769231
"109",2018-01-31,126.723530769231
"110",2018-02-28,107.613938461538
"111",2018-03-31,91.1777938461538
"112",2018-04-30,67.5446569230769
"113",2018-05-31,40.3058923076923
"114",2018-06-30,28.2772338461538
"115",2018-07-31,33.1391846153846
"116",2018-08-31,25.6055446153846
"117",2018-09-30,32.7179353846154
"118",2018-10-31,49.4532138461538
"119",2018-11-30,76.9024076923077
"120",2018-12-31,121.359246153846
"121",2019-01-31,118.311832307692
"122",2019-02-28,101.335644615385
"123",2019-03-31,94.0009061538461
"124",2019-04-30,72.0463184615385
"125",2019-05-31,42.9369415384615
"126",2019-06-30,28.0781369230769
"127",2019-07-31,27.4585723076923
"128",2019-08-31,28.18638
"129",2019-09-30,36.0953538461538
"130",2019-10-31,60.3658353846154
"131",2019-11-30,78.8707123076923
"132",2019-12-31,100.668992307692
"133",2020-01-31,123.098169230769
"134",2020-02-29,96.3791276923077
"135",2020-03-31,93.1963123076923
"136",2020-04-30,60.1905753846154
"137",2020-05-31,46.8436569230769
"138",2020-06-30,30.3387369230769
"139",2020-07-31,27.4872938461538
"140",2020-08-31,26.5736753846154
"141",2020-09-30,31.8049030769231
"142",2020-10-31,49.7462907692308
"143",2020-11-30,78.7788815384615
"144",2020-12-31,102.913766153846
"145",2021-01-31,118.085967692308
"146",2021-02-28,103.550524615385
"147",2021-03-31,112.501289230769
"148",2021-04-30,78.2882707692308
"149",2021-05-31,37.9536569230769
"150",2021-06-30,25.2159476923077
"151",2021-07-31,23.5854630769231
"152",2021-08-31,23.9074569230769
"153",2021-09-30,27.2754969230769
"154",2021-10-31,66.9440446153846
"155",2021-11-30,77.9903092307692
"156",2021-12-31,95.6542507692308
"157",2022-01-31,127.305190769231
"158",2022-02-28,107.707918461538
"159",2022-03-31,111.634563076923
"160",2022-04-30,71.2718138461538
"161",2022-05-31,42.3924046153846
"162",2022-06-30,28.39974
"163",2022-07-31,24.3220630769231
"164",2022-08-31,24.1821676923077
"165",2022-09-30,32.1982123076923
"166",2022-10-31,52.1862538461538
"167",2022-11-30,77.1661769230769
"168",2022-12-31,112.600349230769
"169",2023-01-31,110.479253846154
"170",2023-02-28,91.5203030769231
"171",2023-03-31,97.4998538461538
"172",2023-04-30,66.7373276923077
"173",2023-05-31,47.9329261538462
"174",2023-06-30,32.19958
"175",2023-07-31,25.6684584615385
"176",2023-08-31,29.0294646153846
"177",2023-09-30,37.1348
"178",2023-10-31,50.0669169230769
"179",2023-11-30,84.7660523076923
"180",2023-12-31,108.066449230769
"181",2024-01-31,120.648241538462
"182",2024-02-29,113.807044615385
"183",2024-03-31,111.354381538462
"184",2024-04-30,77.0821615384615
"185",2024-05-31,39.0894276923077
"186",2024-06-30,32.0378015384615
"187",2024-07-31,23.0594876923077
"188",2024-08-31,26.0156569230769
"189",2024-09-30,26.6414738461538
"190",2024-10-31,47.7924446153846
"191",2024-11-30,62.7381953846154
"192",2024-12-31,100.287210769231
"193",2025-01-31,117.9195
"194",2025-02-28,107.609053846154
"195",2025-03-31,116.066667692308
"196",2025-04-30,68.9484953846154
"197",2025-05-31,48.3018123076923
"198",2025-06-30,26.6188092307692
"199",2025-07-31,20.3198046153846
"200",2025-08-31,23.7013261538462
"201",2025-09-30,29.2262169230769
"202",2025-10-31,52.1968046153846
"203",2025-11-30,71.7868476923077
"204",2025-12-31,101.234630769231
"205",2026-01-31,118.813384615385
"206",2026-02-28,100.521867692308
"207",2026-03-31,103.190626153846
"208",2026-04-30,74.0798815384615
"209",2026-05-31,42.5510569230769
"210",2026-06-30,32.4707738461538
"211",2026-07-31,29.5030769230769
"212",2026-08-31,28.1011923076923
"213",2026-09-30,34.2098923076923
"214",2026-10-31,61.2929353846154
"215",2026-11-30,85.0231784615385
"216",2026-12-31,100.340550769231
"217",2027-01-31,120.03532
"218",2027-02-28,112.778149230769
"219",2027-03-31,91.4249553846154
"220",2027-04-30,70.6733507692308
"221",2027-05-31,45.8585276923077
"222",2027-06-30,28.0648507692308
"223",2027-07-31,24.0979569230769
"224",2027-08-31,22.4194076923077
"225",2027-09-30,32.0516738461538
"226",2027-10-31,56.8455907692308
"227",2027-11-30,79.6614338461538
"228",2027-12-31,116.360526153846
"229",2028-01-31,108.267890769231
"230",2028-02-29,101.891123076923
"231",2028-03-31,113.937170769231
"232",2028-04-30,61.6057461538462
"233",2028-05-31,40.3010076923077
"234",2028-06-30,27.7383630769231
"235",2028-07-31,24.6675030769231
"236",2028-08-31,21.7722938461538
"237",2028-09-30,38.1187569230769
"238",2028-10-31,54.5052738461538
"239",2028-11-30,92.7367676923077
"240",2028-12-31,112.332672307692
"241",2029-01-31,124.139373846154
"242",2029-02-28,113.241406153846
"243",2029-03-31,103.265263076923
"244",2029-04-30,68.0106492307692
"245",2029-05-31,44.0226938461538
"246",2029-06-30,28.9632292307692
"247",2029-07-31,30.7838230769231
"248",2029-08-31,31.6046338461538
"249",2029-09-30,35.7630046153846
"250",2029-10-31,47.1072307692308
"251",2029-11-30,83.3252861538462
"252",2029-12-31,84.92236
"253",2030-01-31,110.692027692308
"254",2030-02-28,95.0350769230769
"255",2030-03-31,92.8876046153846
"256",2030-04-30,72.3333384615385
"257",2030-05-31,37.7035646153846
"258",2030-06-30,24.7253369230769
"259",2030-07-31,25.3712784615385
"260",2030-08-31,29.0331769230769
"261",2030-09-30,31.7439430769231
"262",2030-10-31,60.5971707692308
"263",2030-11-30,98.9912246153846
"264",2030-12-31,124.128041538462
"265",2031-01-31,125.128996923077
"266",2031-02-28,103.455176923077
"267",2031-03-31,89.5830646153846
"268",2031-04-30,73.2762646153846
"269",2031-05-31,46.23816
"270",2031-06-30,29.4802169230769
"271",2031-07-31,25.4033215384615
"272",2031-08-31,23.7212553846154
"273",2031-09-30,39.0259276923077
"274",2031-10-31,56.8258569230769
"275",2031-11-30,84.7183784615385
"276",2031-12-31,108.193058461538
"277",2032-01-31,133.160672307692
"278",2032-02-29,112.862555384615
"279",2032-03-31,96.0172753846154
"280",2032-04-30,68.7536969230769
"281",2032-05-31,43.2733938461538
"282",2032-06-30,27.4488030769231
"283",2032-07-31,23.28926
"284",2032-08-31,24.6286215384615
"285",2032-09-30,41.1315876923077
"286",2032-10-31,51.6927123076923
"287",2032-11-30,70.92188
"288",2032-12-31,102.083186153846
"289",2033-01-31,131.264269230769
"290",2033-02-28,110.211772307692
"291",2033-03-31,113.334018461538
"292",2033-04-30,68.0958369230769
"293",2033-05-31,45.1950015384615
"294",2033-06-30,29.7338261538462
"295",2033-07-31,29.68244
"296",2033-08-31,26.5639061538462
"297",2033-09-30,33.1610676923077
"298",2033-10-31,43.8984292307692
"299",2033-11-30,69.1233646153846
"300",2033-12-31,108.743652307692
"301",2034-01-31,112.447363076923
"302",2034-02-28,103.331889230769
"303",2034-03-31,111.507953846154
"304",2034-04-30,62.43828
"305",2034-05-31,37.9698738461538
"306",2034-06-30,26.8562015384615
"307",2034-07-31,22.1300430769231
"308",2034-08-31,31.4049507692308
"309",2034-09-30,29.96692
"310",2034-10-31,62.4349584615385
"311",2034-11-30,85.6790846153846
"312",2034-12-31,111.195533846154
"313",2035-01-31,117.36832
"314",2035-02-28,104.507713846154
"315",2035-03-31,98.6162815384615
"316",2035-04-30,75.2056876923077
"317",2035-05-31,37.2745
"318",2035-06-30,30.9360276923077
"319",2035-07-31,24.02078
"320",2035-08-31,26.7237307692308
"321",2035-09-30,34.8159753846154
"322",2035-10-31,62.2087030769231
"323",2035-11-30,88.1307707692308
"324",2035-12-31,111.907710769231
"325",2036-01-31,124.834161538462
"326",2036-02-29,112.496795384615
"327",2036-03-31,105.500658461538
"328",2036-04-30,66.4393661538462
"329",2036-05-31,46.5410061538462
"330",2036-06-30,34.8091369230769
"331",2036-07-31,30.4385784615385
"332",2036-08-31,31.9946215384615
"333",2036-09-30,33.2171430769231
"334",2036-10-31,44.9167738461538
"335",2036-11-30,67.2726815384615
"336",2036-12-31,101.852632307692
"337",2037-01-31,121.033735384615
"338",2037-02-28,111.872150769231
"339",2037-03-31,109.422809230769
"340",2037-04-30,59.4033707692308
"341",2037-05-31,43.8464569230769
"342",2037-06-30,28.3866492307692
"343",2037-07-31,28.1363615384615
"344",2037-08-31,21.0818046153846
"345",2037-09-30,35.70478
"346",2037-10-31,62.6067015384615
"347",2037-11-30,80.6852492307692
"348",2037-12-31,124.420141538462
"349",2038-01-31,107.746604615385
"350",2038-02-28,115.081343076923
"351",2038-03-31,100.702793846154
"352",2038-04-30,87.4043307692308
"353",2038-05-31,40.1706861538461
"354",2038-06-30,33.0188276923077
"355",2038-07-31,29.4698615384615
"356",2038-08-31,24.0864292307692
"357",2038-09-30,35.47618
"358",2038-10-31,54.5314553846154
"359",2038-11-30,88.0965784615385
"360",2038-12-31,107.851135384615
"361",2039-01-31,130.595858461538
"362",2039-02-28,101.733056923077
"363",2039-03-31,105.240992307692
"364",2039-04-30,69.5706
"365",2039-05-31,47.3606446153846
"366",2039-06-30,30.5843353846154
"367",2039-07-31,27.1234876923077
"368",2039-08-31,27.3210215384615
"369",2039-09-30,31.9762553846154
"370",2039-10-31,56.2930430769231
"371",2039-11-30,81.4589723076923
"372",2039-12-31,117.353470769231
"373",2040-01-31,122.761912307692
"374",2040-02-29,102.919236923077
"375",2040-03-31,122.141175384615
"376",2040-04-30,67.0050046153846
"377",2040-05-31,36.7752923076923
"378",2040-06-30,32.2947323076923
"379",2040-07-31,30.6734307692308
"380",2040-08-31,28.7359969230769
"381",2040-09-30,36.0728846153846
"382",2040-10-31,45.2411123076923
"383",2040-11-30,69.6395707692308
"384",2040-12-31,112.536849230769
"385",2041-01-31,122.65152
"386",2041-02-28,105.325007692308
"387",2041-03-31,113.516312307692
"388",2041-04-30,78.9041230769231
"389",2041-05-31,37.8293923076923
"390",2041-06-30,26.6461630769231
"391",2041-07-31,24.2134292307692
"392",2041-08-31,30.0730138461538
"393",2041-09-30,38.7031523076923
"394",2041-10-31,62.0137092307692
"395",2041-11-30,82.3850953846154
"396",2041-12-31,92.83446
"397",2042-01-31,122.696263076923
"398",2042-02-28,113.972144615385
"399",2042-03-31,99.1180292307692
"400",2042-04-30,70.9464984615385
"401",2042-05-31,42.5313230769231
"402",2042-06-30,26.3947030769231
"403",2042-07-31,29.3887769230769
"404",2042-08-31,25.8237892307692
"405",2042-09-30,35.5115446153846
"406",2042-10-31,53.8421384615385
"407",2042-11-30,84.5233846153846
"408",2042-12-31,114.51844
"409",2043-01-31,125.428130769231
"410",2043-02-28,100.268258461538
"411",2043-03-31,96.6034292307692
"412",2043-04-30,77.7224369230769
"413",2043-05-31,41.5145415384615
"414",2043-06-30,34.4943723076923
"415",2043-07-31,25.3372815384615
"416",2043-08-31,33.3208923076923
"417",2043-09-30,38.9122138461538
"418",2043-10-31,48.6013369230769
"419",2043-11-30,82.8102523076923
"420",2043-12-31,118.587324615385
"421",2044-01-31,116.713586153846
"422",2044-02-29,105.824410769231
"423",2044-03-31,99.5285323076923
"424",2044-04-30,73.0421938461539
"425",2044-05-31,50.29454
"426",2044-06-30,28.0818492307692
"427",2044-07-31,23.7409892307692
"428",2044-08-31,26.7381892307692
"429",2044-09-30,38.7054969230769
"430",2044-10-31,63.7938584615385
"431",2044-11-30,82.2231215384615
"432",2044-12-31,114.191952307692
"433",2045-01-31,122.226363076923
"434",2045-02-28,109.770789230769
"435",2045-03-31,108.604929230769
"436",2045-04-30,66.9956261538461
"437",2045-05-31,46.1842338461538
"438",2045-06-30,24.2474261538462
"439",2045-07-31,23.0801984615385
"440",2045-08-31,29.65196
"441",2045-09-30,33.5162769230769
"442",2045-10-31,60.3126907692308
"443",2045-11-30,89.9509738461538
"444",2045-12-31,106.770853846154
"445",2046-01-31,124.63272
"446",2046-02-28,109.160993846154
"447",2046-03-31,109.860861538462
"448",2046-04-30,68.7994169230769
"449",2046-05-31,42.7470276923077
"450",2046-06-30,31.5001030769231
"451",2046-07-31,29.5063984615385
"452",2046-08-31,24.8724615384615
"453",2046-09-30,32.8164092307692
"454",2046-10-31,50.2370969230769
"455",2046-11-30,81.0646861538462
"456",2046-12-31,115.925404615385
"457",2047-01-31,128.830558461538
"458",2047-02-28,108.903867692308
"459",2047-03-31,112.233221538462
"460",2047-04-30,69.1180892307692
"461",2047-05-31,43.0246692307692
"462",2047-06-30,30.0310061538462
"463",2047-07-31,26.8231815384615
"464",2047-08-31,25.0996938461538
"465",2047-09-30,32.7855384615385
"466",2047-10-31,54.7071061538461
"467",2047-11-30,75.9934784615385
"468",2047-12-31,117.999021538462
"469",2048-01-31,129.21488
"470",2048-02-29,113.452421538462
"471",2048-03-31,108.830012307692
"472",2048-04-30,57.4350661538462
"473",2048-05-31,45.0345907692308
"474",2048-06-30,27.6967461538462
"475",2048-07-31,25.6737338461538
"476",2048-08-31,23.8005815384615
"477",2048-09-30,32.0766830769231
"478",2048-10-31,61.1124
"479",2048-11-30,95.5731661538461
"480",2048-12-31,119.520286153846
"481",2049-01-31,129.085535384615
"482",2049-02-28,96.2980430769231
"483",2049-03-31,105.566503076923
"484",2049-04-30,69.7116676923077
"485",2049-05-31,43.6411076923077
"486",2049-06-30,31.95066
"487",2049-07-31,21.9237169230769
"488",2049-08-31,25.3423615384615
"489",2049-09-30,30.7863630769231
"490",2049-10-31,63.6838569230769
"491",2049-11-30,94.3944107692308
"492",2049-12-31,112.08004
"493",2050-01-31,112.790849230769
"494",2050-02-28,109.128169230769
"495",2050-03-31,108.903281538462
"496",2050-04-30,68.1773123076923
"497",2050-05-31,44.5306938461538
"498",2050-06-30,27.5980769230769
"499",2050-07-31,25.3527169230769
"500",2050-08-31,33.2099138461538
"501",2050-09-30,38.2293446153846
"502",2050-10-31,59.4317015384615
"503",2050-11-30,69.4428184615385
"504",2050-12-31,111.691029230769
"505",2051-01-31,136.959144615385
"506",2051-02-28,108.815553846154
"507",2051-03-31,108.483986153846
"508",2051-04-30,69.2947169230769
"509",2051-05-31,48.1208861538462
"510",2051-06-30,26.4498015384615
"511",2051-07-31,21.5280630769231
"512",2051-08-31,29.1091815384615
"513",2051-09-30,36.6391092307692
"514",2051-10-31,48.2103723076923
"515",2051-11-30,80.8612907692308
"516",2051-12-31,113.391852307692
"517",2052-01-31,134.964072307692
"518",2052-02-29,111.921387692308
"519",2052-03-31,97.2948953846154
"520",2052-04-30,67.3486861538461
"521",2052-05-31,47.7340246153846
"522",2052-06-30,26.8069646153846
"523",2052-07-31,29.2940153846154
"524",2052-08-31,34.6162923076923
"525",2052-09-30,37.6254107692308
"526",2052-10-31,60.3713061538462
"527",2052-11-30,89.8483969230769
"528",2052-12-31,100.68814
"529",2053-01-31,125.641881538462
"530",2053-02-28,115.644246153846
"531",2053-03-31,106.744672307692
"532",2053-04-30,76.7175738461538
"533",2053-05-31,48.3016169230769
"534",2053-06-30,27.1912861538462
"535",2053-07-31,26.7313507692308
"536",2053-08-31,28.7379507692308
"537",2053-09-30,34.036
"538",2053-10-31,57.1214738461538
"539",2053-11-30,76.7795107692308
"540",2053-12-31,104.310375384615
"541",2054-01-31,135.0391
"542",2054-02-28,120.387012307692
"543",2054-03-31,105.004576923077
"544",2054-04-30,83.9047969230769
"545",2054-05-31,48.7752292307692
"546",2054-06-30,28.1213169230769
"547",2054-07-31,28.1047092307692
"548",2054-08-31,23.9949892307692
"549",2054-09-30,28.4532753846154
"550",2054-10-31,58.2416138461538
"551",2054-11-30,81.6240723076923
"552",2054-12-31,112.558536923077
"553",2055-01-31,122.278335384615
"554",2055-02-28,111.001126153846
"555",2055-03-31,103.629655384615
"556",2055-04-30,71.4246046153846
"557",2055-05-31,54.9837707692308
"558",2055-06-30,31.2269553846154
"559",2055-07-31,23.8132815384615
"560",2055-08-31,21.2453415384615
"561",2055-09-30,40.0214123076923
"562",2055-10-31,67.6620830769231
"563",2055-11-30,85.1013323076923
"564",2055-12-31,122.690206153846
"565",2056-01-31,132.104618461538
"566",2056-02-29,108.947243076923
"567",2056-03-31,105.635278461538
"568",2056-04-30,62.8229923076923
"569",2056-05-31,40.8410507692308
"570",2056-06-30,26.3360876923077
"571",2056-07-31,28.1930230769231
"572",2056-08-31,33.4219061538462
"573",2056-09-30,41.3123184615385
"574",2056-10-31,63.2971907692308
"575",2056-11-30,91.3813846153846
"576",2056-12-31,97.8171584615385
"577",2057-01-31,140.838310769231
"578",2057-02-28,116.781189230769
"579",2057-03-31,113.098970769231
"580",2057-04-30,71.0547415384615
"581",2057-05-31,38.7353907692308
"582",2057-06-30,28.0765738461538
"583",2057-07-31,29.9942738461538
"584",2057-08-31,26.2651630769231
"585",2057-09-30,33.2835738461538
"586",2057-10-31,50.4836723076923
"587",2057-11-30,75.8910969230769
"588",2057-12-31,116.992790769231
"589",2058-01-31,122.586847692308
"590",2058-02-28,108.340378461538
"591",2058-03-31,110.216266153846
"592",2058-04-30,74.5220369230769
"593",2058-05-31,47.8788046153846
"594",2058-06-30,27.8845107692308
"595",2058-07-31,30.4163046153846
"596",2058-08-31,25.1362307692308
"597",2058-09-30,39.0388230769231
"598",2058-10-31,61.2763276923077
"599",2058-11-30,77.9492784615385
"600",2058-12-31,104.433272307692
"601",2059-01-31,133.031718461538
"602",2059-02-28,124.005144615385
"603",2059-03-31,106.009244615385
"604",2059-04-30,76.4028092307692
"605",2059-05-31,47.1164138461538
"606",2059-06-30,27.5443461538462
"607",2059-07-31,25.67432
"608",2059-08-31,28.1467169230769
"609",2059-09-30,39.0648092307692
"610",2059-10-31,53.8638261538462
"611",2059-11-30,73.9767184615385
"612",2059-12-31,108.752835384615
"613",2060-01-31,118.123676923077
"614",2060-02-29,107.774349230769
"615",2060-03-31,113.614004615385
"616",2060-04-30,77.7728461538461
"617",2060-05-31,49.46142
"618",2060-06-30,29.5781046153846
"619",2060-07-31,24.2937323076923
"620",2060-08-31,28.5437384615385
"621",2060-09-30,44.2692692307692
"622",2060-10-31,75.8283784615385
"623",2060-11-30,89.1389553846154
"624",2060-12-31,118.575015384615
"625",2061-01-31,130.343226153846
"626",2061-02-28,131.393613846154
"627",2061-03-31,107.155566153846
"628",2061-04-30,71.1600538461538
"629",2061-05-31,44.12996
"630",2061-06-30,22.9262353846154
"631",2061-07-31,28.6617507692308
"632",2061-08-31,27.5701369230769
"633",2061-09-30,28.4751584615385
"634",2061-10-31,52.6221569230769
"635",2061-11-30,89.0615830769231
"636",2061-12-31,113.251566153846
"637",2062-01-31,140.257432307692
"638",2062-02-28,105.97388
"639",2062-03-31,114.261704615385
"640",2062-04-30,90.4361138461538
"641",2062-05-31,41.7630707692308
"642",2062-06-30,26.5982938461538
"643",2062-07-31,26.3966569230769
"644",2062-08-31,23.4723353846154
"645",2062-09-30,29.7668461538461
"646",2062-10-31,71.3142123076923
"647",2062-11-30,89.1076938461538
"648",2062-12-31,119.9769
"649",2063-01-31,127.282916923077
"650",2063-02-28,118.407961538462
"651",2063-03-31,103.475301538462
"652",2063-04-30,80.3724384615385
"653",2063-05-31,45.0558876923077
"654",2063-06-30,29.13634
"655",2063-07-31,25.2798384615385
"656",2063-08-31,30.9813569230769
"657",2063-09-30,33.5049446153846
"658",2063-10-31,54.3333353846154
"659",2063-11-30,98.6369923076923
"660",2063-12-31,113.388530769231
"661",2064-01-31,129.910058461538
"662",2064-02-29,127.249896923077
"663",2064-03-31,100.746755384615
"664",2064-04-30,79.9197323076923
"665",2064-05-31,46.54296
"666",2064-06-30,31.3191769230769
"667",2064-07-31,22.1323876923077
"668",2064-08-31,26.0564923076923
"669",2064-09-30,31.8990784615385
"670",2064-10-31,56.4640046153846
"671",2064-11-30,83.6906553846154
"672",2064-12-31,122.374073846154
"673",2065-01-31,130.916289230769
"674",2065-02-28,126.218656923077
"675",2065-03-31,111.895010769231
"676",2065-04-30,80.8001353846154
"677",2065-05-31,47.4124215384615
"678",2065-06-30,29.5423492307692
"679",2065-07-31,26.5484707692308
"680",2065-08-31,31.9543723076923
"681",2065-09-30,35.8954753846154
"682",2065-10-31,60.6434769230769
"683",2065-11-30,88.34628
"684",2065-12-31,118.743046153846
"685",2066-01-31,143.23822
"686",2066-02-28,127.662158461538
"687",2066-03-31,119.264136923077
"688",2066-04-30,75.8963723076923
"689",2066-05-31,44.8554230769231
"690",2066-06-30,31.6501584615385
"691",2066-07-31,26.0535615384615
"692",2066-08-31,26.8864861538462
"693",2066-09-30,30.3485061538462
"694",2066-10-31,63.9679461538462
"695",2066-11-30,84.0571969230769
"696",2066-12-31,124.898443076923
"697",2067-01-31,124.921107692308
"698",2067-02-28,131.605801538462
"699",2067-03-31,106.881832307692
"700",2067-04-30,73.7066969230769
"701",2067-05-31,47.1078169230769
"702",2067-06-30,28.64358
"703",2067-07-31,25.5918676923077
"704",2067-08-31,31.4405107692308
"705",2067-09-30,34.4496292307692
"706",2067-10-31,57.85104
"707",2067-11-30,97.0768461538461
"708",2067-12-31,108.671750769231
"709",2068-01-31,125.687796923077
"710",2068-02-29,108.388247692308
"711",2068-03-31,105.061629230769
"712",2068-04-30,65.3534184615385
"713",2068-05-31,47.07636
"714",2068-06-30,35.2514876923077
"715",2068-07-31,32.3723
"716",2068-08-31,26.6258430769231
"717",2068-09-30,45.2508815384615
"718",2068-10-31,54.7809615384615
"719",2068-11-30,107.728824615385
"720",2068-12-31,128.656666153846
"721",2069-01-31,139.071643076923
"722",2069-02-28,110.581830769231
"723",2069-03-31,116.095975384615
"724",2069-04-30,80.6922830769231
"725",2069-05-31,43.5197738461538
"726",2069-06-30,37.9053969230769
"727",2069-07-31,28.7041492307692
"728",2069-08-31,25.1964092307692
"729",2069-09-30,35.7944615384615
"730",2069-10-31,59.0124061538462
"731",2069-11-30,98.3060107692308
"732",2069-12-31,113.987970769231
"733",2070-01-31,134.558258461538
"734",2070-02-28,138.844606153846
"735",2070-03-31,105.364866153846
"736",2070-04-30,79.5834753846154
"737",2070-05-31,52.2980138461539
"738",2070-06-30,30.8193830769231
"739",2070-07-31,24.5242861538462
"740",2070-08-31,27.1379461538462
"741",2070-09-30,36.7510646153846
"742",2070-10-31,55.9157553846154
"743",2070-11-30,84.9514723076923
"744",2070-12-31,112.420986153846
"745",2071-01-31,155.437644615385
"746",2071-02-28,135.307558461538
"747",2071-03-31,95.2212784615385
"748",2071-04-30,75.2400753846154
"749",2071-05-31,49.3232830769231
"750",2071-06-30,28.0933769230769
"751",2071-07-31,27.4482169230769
"752",2071-08-31,29.9559784615385
"753",2071-09-30,39.6912123076923
"754",2071-10-31,65.6515753846154
"755",2071-11-30,81.9126553846154
"756",2071-12-31,113.396150769231
"757",2072-01-31,116.669624615385
"758",2072-02-29,109.348758461538
"759",2072-03-31,127.887436923077
"760",2072-04-30,81.7315338461538
"761",2072-05-31,42.5893523076923
"762",2072-06-30,34.2059846153846
"763",2072-07-31,27.1535769230769
"764",2072-08-31,28.2911061538462
"765",2072-09-30,36.8944769230769
"766",2072-10-31,51.6112369230769
"767",2072-11-30,85.41258
"768",2072-12-31,118.361069230769
"769",2073-01-31,132.876192307692
"770",2073-02-28,121.819572307692
"771",2073-03-31,104.455350769231
"772",2073-04-30,81.2057538461538
"773",2073-05-31,51.89982
"774",2073-06-30,31.2332076923077
"775",2073-07-31,26.5031415384615
"776",2073-08-31,29.6302723076923
"777",2073-09-30,39.4420969230769
"778",2073-10-31,64.6160369230769
"779",2073-11-30,70.4732769230769
"780",2073-12-31,115.024486153846
"781",2074-01-31,133.057313846154
"782",2074-02-28,122.93346
"783",2074-03-31,116.557669230769
"784",2074-04-30,74.99858
"785",2074-05-31,45.3606876923077
"786",2074-06-30,34.1080969230769
"787",2074-07-31,28.5906307692308
"788",2074-08-31,29.6376969230769
"789",2074-09-30,38.8377723076923
"790",2074-10-31,59.9535738461538
"791",2074-11-30,98.9574230769231
"792",2074-12-31,113.974684615385
"793",2075-01-31,123.576275384615
"794",2075-02-28,108.671750769231
"795",2075-03-31,112.178123076923
"796",2075-04-30,68.0188553846154
"797",2075-05-31,52.7432953846154
"798",2075-06-30,33.0207815384615
"799",2075-07-31,24.9070446153846
"800",2075-08-31,31.6075646153846
"801",2075-09-30,38.2715476923077
"802",2075-10-31,68.2654307692308
"803",2075-11-30,94.8731030769231
"804",2075-12-31,120.438007692308
"805",2076-01-31,115.109478461538
"806",2076-02-29,118.616046153846
"807",2076-03-31,116.597332307692
"808",2076-04-30,84.4618384615385
"809",2076-05-31,46.2397230769231
"810",2076-06-30,28.5834015384615
"811",2076-07-31,34.6465769230769
"812",2076-08-31,31.6007261538461
"813",2076-09-30,37.1422246153846
"814",2076-10-31,60.5795861538462
"815",2076-11-30,90.4296661538461
"816",2076-12-31,120.249266153846
"817",2077-01-31,130.659944615385
"818",2077-02-28,113.071421538462
"819",2077-03-31,107.610421538462
"820",2077-04-30,75.9481492307692
"821",2077-05-31,52.65674
"822",2077-06-30,31.4071
"823",2077-07-31,29.5675538461538
"824",2077-08-31,28.0851707692308
"825",2077-09-30,37.2371815384615
"826",2077-10-31,57.3154907692308
"827",2077-11-30,102.079278461538
"828",2077-12-31,128.914769230769
"829",2078-01-31,144.594775384615
"830",2078-02-28,138.91514
"831",2078-03-31,127.619173846154
"832",2078-04-30,72.6527923076923
"833",2078-05-31,40.0962446153846
"834",2078-06-30,31.5282384615385
"835",2078-07-31,25.8589584615385
"836",2078-08-31,28.5132584615385
"837",2078-09-30,40.1503661538462
"838",2078-10-31,76.4354384615385
"839",2078-11-30,103.38308
"840",2078-12-31,122.953193846154
"841",2079-01-31,142.856829230769
"842",2079-02-28,138.112109230769
"843",2079-03-31,131.200769230769
"844",2079-04-30,78.1724076923077
"845",2079-05-31,49.2441523076923
"846",2079-06-30,27.3790507692308
"847",2079-07-31,25.5402861538462
"848",2079-08-31,22.4127646153846
"849",2079-09-30,34.2233738461538
"850",2079-10-31,52.7860846153846
"851",2079-11-30,100.835264615385
"852",2079-12-31,148.420796923077
"853",2080-01-31,132.670452307692
"854",2080-02-29,124.340815384615
"855",2080-03-31,112.625163076923
"856",2080-04-30,78.2441138461538
"857",2080-05-31,51.5829061538462
"858",2080-06-30,32.5837061538462
"859",2080-07-31,26.1764584615385
"860",2080-08-31,27.5877215384615
"861",2080-09-30,34.14014
"862",2080-10-31,51.7081476923077
"863",2080-11-30,92.9655630769231
"864",2080-12-31,124.17806
"865",2081-01-31,146.6977
"866",2081-02-28,115.589538461538
"867",2081-03-31,115.663198461538
"868",2081-04-30,74.9391830769231
"869",2081-05-31,50.8103553846154
"870",2081-06-30,29.4143723076923
"871",2081-07-31,25.5279769230769
"872",2081-08-31,27.7971738461538
"873",2081-09-30,34.0932476923077
"874",2081-10-31,60.1978046153846
"875",2081-11-30,103.613633846154
"876",2081-12-31,137.990189230769
"877",2082-01-31,132.0165
"878",2082-02-28,129.223672307692
"879",2082-03-31,104.376415384615
"880",2082-04-30,95.0809923076923
"881",2082-05-31,47.2369661538461
"882",2082-06-30,28.3026338461538
"883",2082-07-31,26.1840784615385
"884",2082-08-31,27.5279338461538
"885",2082-09-30,36.2930830769231
"886",2082-10-31,57.7105584615385
"887",2082-11-30,101.563072307692
"888",2082-12-31,112.731843076923
"889",2083-01-31,132.875215384615
"890",2083-02-28,136.620738461538
"891",2083-03-31,113.903369230769
"892",2083-04-30,76.4487246153846
"893",2083-05-31,51.8163907692308
"894",2083-06-30,25.70734
"895",2083-07-31,31.6739953846154
"896",2083-08-31,25.6903415384615
"897",2083-09-30,40.7677815384615
"898",2083-10-31,57.3789907692308
"899",2083-11-30,92.1599923076923
"900",2083-12-31,137.6553
"901",2084-01-31,149.157592307692
"902",2084-02-29,121.843018461538
"903",2084-03-31,107.73918
"904",2084-04-30,78.2658015384615
"905",2084-05-31,44.6766461538461
"906",2084-06-30,35.0879507692308
"907",2084-07-31,29.5083523076923
"908",2084-08-31,28.2731307692308
"909",2084-09-30,33.1042107692308
"910",2084-10-31,62.992
"911",2084-11-30,88.13546
"912",2084-12-31,120.8786
"913",2085-01-31,136.578730769231
"914",2085-02-28,131.203113846154
"915",2085-03-31,120.413584615385
"916",2085-04-30,84.5888384615385
"917",2085-05-31,46.7275984615385
"918",2085-06-30,36.1008246153846
"919",2085-07-31,27.0412307692308
"920",2085-08-31,28.5830107692308
"921",2085-09-30,46.4821953846154
"922",2085-10-31,73.9452615384615
"923",2085-11-30,101.981195384615
"924",2085-12-31,127.202809230769
"925",2086-01-31,148.613641538462
"926",2086-02-28,135.906216923077
"927",2086-03-31,125.817532307692
"928",2086-04-30,69.7376538461538
"929",2086-05-31,43.6217646153846
"930",2086-06-30,36.34232
"931",2086-07-31,23.9430169230769
"932",2086-08-31,25.8542692307692
"933",2086-09-30,33.6864569230769
"934",2086-10-31,58.0737784615385
"935",2086-11-30,91.8731676923077
"936",2086-12-31,120.325075384615
"937",2087-01-31,127.623081538462
"938",2087-02-28,134.332589230769
"939",2087-03-31,104.698409230769
"940",2087-04-30,74.73188
"941",2087-05-31,59.3795338461538
"942",2087-06-30,37.8354492307692
"943",2087-07-31,36.3952692307692
"944",2087-08-31,29.2342276923077
"945",2087-09-30,37.5976661538461
"946",2087-10-31,67.74942
"947",2087-11-30,80.7587138461538
"948",2087-12-31,135.174892307692
"949",2088-01-31,150.842393846154
"950",2088-02-29,131.766016923077
"951",2088-03-31,119.54002
"952",2088-04-30,85.2341938461538
"953",2088-05-31,58.0126230769231
"954",2088-06-30,35.2440630769231
"955",2088-07-31,25.8654061538462
"956",2088-08-31,29.2893261538462
"957",2088-09-30,40.3152707692308
"958",2088-10-31,57.3576938461538
"959",2088-11-30,104.9655
"960",2088-12-31,117.834703076923
"961",2089-01-31,153.466018461538
"962",2089-02-28,114.319733846154
"963",2089-03-31,119.334475384615
"964",2089-04-30,75.3233092307692
"965",2089-05-31,41.6587353846154
"966",2089-06-30,32.8849892307692
"967",2089-07-31,29.7019784615385
"968",2089-08-31,26.9939476923077
"969",2089-09-30,32.5567430769231
"970",2089-10-31,59.4852369230769
"971",2089-11-30,98.6731384615385
"972",2089-12-31,138.083583076923
"973",2090-01-31,151.241173846154
"974",2090-02-28,139.069493846154
"975",2090-03-31,122.556953846154
"976",2090-04-30,79.2905938461538
"977",2090-05-31,45.1572923076923
"978",2090-06-30,29.2322738461538
"979",2090-07-31,23.61184
"980",2090-08-31,27.20848
"981",2090-09-30,36.1631523076923
"982",2090-10-31,69.9219015384615
"983",2090-11-30,92.7027707692308
"984",2090-12-31,126.378676923077
"985",2091-01-31,143.534423076923
"986",2091-02-28,129.690055384615
"987",2091-03-31,119.659204615385
"988",2091-04-30,76.1144215384615
"989",2091-05-31,45.0496353846154
"990",2091-06-30,25.6657230769231
"991",2091-07-31,29.8557461538462
"992",2091-08-31,28.1777830769231
"993",2091-09-30,41.1837553846154
"994",2091-10-31,71.0738892307692
"995",2091-11-30,101.271753846154
"996",2091-12-31,123.284370769231
"997",2092-01-31,132.239824615385
"998",2092-02-29,129.489981538462
"999",2092-03-31,116.201287692308
"1000",2092-04-30,95.2574246153846
"1001",2092-05-31,45.8755261538462
"1002",2092-06-30,32.0757061538462
"1003",2092-07-31,31.20644
"1004",2092-08-31,27.5928015384615
"1005",2092-09-30,38.4917461538462
"1006",2092-10-31,62.9851615384615
"1007",2092-11-30,73.5296784615385
"1008",2092-12-31,110.989989230769
"1009",2093-01-31,134.205003076923
"1010",2093-02-28,138.083583076923
"1011",2093-03-31,127.860278461538
"1012",2093-04-30,75.1769661538462
"1013",2093-05-31,41.1644123076923
"1014",2093-06-30,33.7851261538462
"1015",2093-07-31,28.0533230769231
"1016",2093-08-31,27.8057707692308
"1017",2093-09-30,44.7239292307692
"1018",2093-10-31,72.3540492307692
"1019",2093-11-30,98.9390569230769
"1020",2093-12-31,138.851444615385
"1021",2094-01-31,135.657492307692
"1022",2094-02-28,124.733147692308
"1023",2094-03-31,133.109481538462
"1024",2094-04-30,73.9884415384615
"1025",2094-05-31,44.9966861538462
"1026",2094-06-30,37.14242
"1027",2094-07-31,29.4452430769231
"1028",2094-08-31,29.5101107692308
"1029",2094-09-30,38.98646
"1030",2094-10-31,79.6911323076923
"1031",2094-11-30,96.4873707692308
"1032",2094-12-31,120.524172307692
"1033",2095-01-31,140.675164615385
"1034",2095-02-28,133.783558461538
"1035",2095-03-31,127.705338461538
"1036",2095-04-30,88.4074353846154
"1037",2095-05-31,42.8425707692308
"1038",2095-06-30,30.8117630769231
"1039",2095-07-31,27.9011184615385
"1040",2095-08-31,27.6686107692308
"1041",2095-09-30,43.3697184615385
"1042",2095-10-31,68.4197846153846
"1043",2095-11-30,101.595310769231
"1044",2095-12-31,112.862750769231
"1045",2096-01-31,138.729329230769
"1046",2096-02-29,134.395503076923
"1047",2096-03-31,120.568329230769
"1048",2096-04-30,88.6823415384615
"1049",2096-05-31,47.7285538461538
"1050",2096-06-30,29.8793876923077
"1051",2096-07-31,26.7569461538462
"1052",2096-08-31,25.5795584615385
"1053",2096-09-30,35.5693784615385
"1054",2096-10-31,69.6321461538462
"1055",2096-11-30,124.361330769231
"1056",2096-12-31,153.389623076923
"1057",2097-01-31,154.335675384615
"1058",2097-02-28,125.878492307692
"1059",2097-03-31,119.477106153846
"1060",2097-04-30,74.70902
"1061",2097-05-31,54.8184753846154
"1062",2097-06-30,31.1083569230769
"1063",2097-07-31,36.6012046153846
"1064",2097-08-31,26.5592169230769
"1065",2097-09-30,32.7470476923077
"1066",2097-10-31,71.8015015384615
"1067",2097-11-30,94.4887815384615
"1068",2097-12-31,129.3114
"1069",2098-01-31,144.361486153846
"1070",2098-02-28,128.497623076923
"1071",2098-03-31,132.395155384615
"1072",2098-04-30,78.9086169230769
"1073",2098-05-31,46.3604707692308
"1074",2098-06-30,34.5879615384615
"1075",2098-07-31,25.7077307692308
"1076",2098-08-31,32.1567907692308
"1077",2098-09-30,39.6611230769231
"1078",2098-10-31,66.4266661538462
"1079",2098-11-30,95.93326
"1080",2098-12-31,147.3327
"1081",2099-01-31,134.755596923077
"1082",2099-02-28,124.315806153846
"1083",2099-03-31,134.999827692308
"1084",2099-04-30,80.4591892307692
"1085",2099-05-31,52.6512692307692
"1086",2099-06-30,35.7579246153846
"1087",2099-07-31,34.8654076923077
"1088",2099-08-31,33.4336292307692
"1089",2099-09-30,35.5869630769231
"1090",2099-10-31,68.0487492307692
"1091",2099-11-30,93.0368784615385
"1092",2099-12-31,136.814169230769
"1093",2100-01-31,152.023298461538
"1094",2100-02-28,141.02588
"1095",2100-03-31,113.222844615385
"1096",2100-04-30,100.090849230769
"1097",2100-05-31,52.1975861538462
"1098",2100-06-30,26.3390184615385
"1099",2100-07-31,30.1189292307692
"1100",2100-08-31,30.5126292307692
"1101",2100-09-30,44.5078338461538
"1102",2100-10-31,65.8074923076923
"1103",2100-11-30,123.173001538462
"1104",2100-12-31,141.859976923077
